[
    {
       "startYearDate":"2020.04.27",
       "endYearDate":"2020.04.27",
       "startDate":"2020년 04월 27일(월)",
       "endDate":"2020년 04월 27일(월)",
       "movieCd":"20207722",
       "showDt":"20200427",
       "thumbUrl":"http://www.kobis.or.kr/common/mast/movie/2020/04/thumb_x289/thn_b7160eb74840434ba9d8cfd3a2b80e2f.jpg",
       "movieNm":"저 산 너머",
       "movieNmEn":null,
       "synop":"김수환 추기경의 어린 시절 이야기.\r\n내 마음밭 특별한 씨앗을 키운 건, 가족의 사랑이었다\r\n1928년 일제강점기, 세상에서 가장 사랑하는 엄마와 아픈 아버지를 위해 \r\n신부보다 인삼장수가 되고 싶은 7살 소년 수환은 \r\n자신의 마음밭에 심어진 믿음의 씨앗을 키워가며 저 산 너머에 있을 고향을 찾아간다.",
       "prdtYear":"2019",
       "indieYn":null,
       "artmovieYn":null,
       "multmovieYn":null,
       "showTm":"111",
       "showTs":"58",
       "director":"최종태",
       "prNm":null,
       "dtNm":"(주)리틀빅픽쳐스",
       "repNationCd":"한국",
       "movieType":"장편",
       "moviePrdtStat":"개봉예정",
       "genre":"드라마",
       "watchGradeNm":"12세이상관람가",
       "openDt":"20200430",
       "salesAmt":12717000,
       "audiCnt":2826,
       "scrCnt":22,
       "showCnt":22,
       "rank":1,
       "rankInten":-1,
       "rankOldAndNew":"NEW",
       "rownum":1
    },
    {
       "startYearDate":"2020.04.27",
       "endYearDate":"2020.04.27",
       "startDate":"2020년 04월 27일(월)",
       "endDate":"2020년 04월 27일(월)",
       "movieCd":"20167904",
       "showDt":"20200427",
       "thumbUrl":"http://www.kobis.or.kr/common/mast/movie/2016/11/thumb_x289/thn_9230ca1ac71c47f79510ed7d92a3f795.jpg",
       "movieNm":"라라랜드",
       "movieNmEn":"LA LA LAND",
       "synop":"황홀한 사랑, 순수한 희망, 격렬한 열정… \r\n이 곳에서 모든 감정이 폭발한다!\r\n꿈을 꾸는 사람들을 위한 별들의 도시 ‘라라랜드’. 재즈 피아니스트 ‘세바스찬’(라이언 고슬링)과 배우 지망생 ‘미아’(엠마 스톤), 인생에서 가장 빛나는 순간 만난 두 사람은 미완성인 서로의 무대를 만들어가기 시작한다.\r\n",
       "prdtYear":"2016",
       "indieYn":null,
       "artmovieYn":null,
       "multmovieYn":null,
       "showTm":"127",
       "showTs":"53",
       "director":"데이미언 셔젤",
       "prNm":null,
       "dtNm":"판씨네마(주)",
       "repNationCd":"미국",
       "movieType":"장편",
       "moviePrdtStat":"개봉",
       "genre":"드라마,뮤지컬,멜로/로맨스",
       "watchGradeNm":"12세이상관람가",
       "openDt":"20161207",
       "salesAmt":12852380,
       "audiCnt":2453,
       "scrCnt":319,
       "showCnt":537,
       "rank":2,
       "rankInten":0,
       "rankOldAndNew":"OLD",
       "rownum":2
    },
    {
       "startYearDate":"2020.04.27",
       "endYearDate":"2020.04.27",
       "startDate":"2020년 04월 27일(월)",
       "endDate":"2020년 04월 27일(월)",
       "movieCd":"20192399",
       "showDt":"20200427",
       "thumbUrl":"http://www.kobis.or.kr/common/mast/movie/2020/02/thumb_x289/thn_77b6a828b9ee48bc968e92a4491dc457.jpg",
       "movieNm":"1917",
       "movieNmEn":null,
       "synop":"두 명의 병사, 하나의 미션!\r\n그들이 싸워야 할 것은 적이 아니라 시간이었다!\r\n\r\n제1차 세계대전이 한창인 1917년.\r\n독일군에 의해 모든 통신망이 파괴된 상황 속에서\r\n영국군 병사 '스코필드'(조지 맥케이)와 '블레이크'(딘-찰스 채프먼)에게 하나의 미션이 주어졌다.\r\n\r\n함정에 빠진 영국군 부대의 수장 '매켄지' 중령(베네딕트 컴버배치)에게\r\n'에린무어' 장군(콜린 퍼스)의 공격 중지 명령을 전하는 것!\r\n\r\n둘은 1600명의 아군과 '블레이크'의 형(리차드 매든)을 구하기 위해\r\n전쟁터 한복판을 가로지르며 사투를 이어가는데...\r\n\r\n",
       "prdtYear":"2019",
       "indieYn":null,
       "artmovieYn":null,
       "multmovieYn":null,
       "showTm":"119",
       "showTs":"19",
       "director":"샘 멘데스",
       "prNm":null,
       "dtNm":"(주)스마일이엔티",
       "repNationCd":"미국",
       "movieType":"장편",
       "moviePrdtStat":"개봉",
       "genre":"드라마,전쟁",
       "watchGradeNm":"15세이상관람가",
       "openDt":"20200219",
       "salesAmt":18583840,
       "audiCnt":2289,
       "scrCnt":314,
       "showCnt":485,
       "rank":3,
       "rankInten":-2,
       "rankOldAndNew":"OLD",
       "rownum":3
    },
    {
       "startYearDate":"2020.04.27",
       "endYearDate":"2020.04.27",
       "startDate":"2020년 04월 27일(월)",
       "endDate":"2020년 04월 27일(월)",
       "movieCd":"20206865",
       "showDt":"20200427",
       "thumbUrl":"http://www.kobis.or.kr/common/mast/movie/2020/04/thumb_x289/thn_a135f0c03510497a90ab6a0773dd901e.jpg",
       "movieNm":"애프터 웨딩 인 뉴욕 ",
       "movieNmEn":"After the Wedding",
       "synop":"모든 것을 마주하게 된 그날의 결혼식, 그리고 운명적 만남!\r\n인도에서 아동 재단을 운영 중인 ‘이자벨’(미셸 윌리엄스)은 세계적 미디어 그룹 대표 ‘테레사’(줄리안 무어)로부터 거액의 후원을 제안받는다. 단, ‘이자벨’이 반드시 뉴욕으로 와야 한다는 특별한 조건이 따라붙고, 어쩔 수 없이 뉴욕으로 향한 ‘이자벨’은 ‘테레사’의 딸 ‘그레이스’(애비 퀸)의 결혼식에 초대받는다. 그리고 그 결혼식에서 20년 전 가장 소중했던 기억과 마주하게 된 ‘이자벨’은 다시 한번 선택의 기로에 서게 되는데…\r\n\r\n",
       "prdtYear":"2019",
       "indieYn":null,
       "artmovieYn":null,
       "multmovieYn":null,
       "showTm":"111",
       "showTs":"47",
       "director":"바트 프룬디치",
       "prNm":null,
       "dtNm":"(주)영화사 진진",
       "repNationCd":"영국",
       "movieType":"장편",
       "moviePrdtStat":"개봉",
       "genre":"드라마",
       "watchGradeNm":"12세이상관람가",
       "openDt":"20200423",
       "salesAmt":7987020,
       "audiCnt":1022,
       "scrCnt":136,
       "showCnt":201,
       "rank":4,
       "rankInten":1,
       "rankOldAndNew":"OLD",
       "rownum":4
    },
    {
       "startYearDate":"2020.04.27",
       "endYearDate":"2020.04.27",
       "startDate":"2020년 04월 27일(월)",
       "endDate":"2020년 04월 27일(월)",
       "movieCd":"20124721",
       "showDt":"20200427",
       "thumbUrl":"http://www.kobis.or.kr/common/mast/movie/2012/04/thumb_x289/thn_412d2ab2dd8f4fbcb5a3b7c51a437b7c.jpg",
       "movieNm":"어벤져스",
       "movieNmEn":"The Avengers",
       "synop":"ASSEMBLE! 최강의 슈퍼히어로들이 모였다! 지구의 운명을 건 거대한 전쟁이 시작된다! \r\n\r\n 지구의 안보가 위협당하는 위기의 상황에서 슈퍼히어로들을 불러모아 세상을 구하는, 일명 [어벤져스] 작전. \r\n\r\n 에너지원 ‘큐브’를 이용한 적의 등장으로 인류가 위험에 처하자 국제평화유지기구인 쉴드 (S.H.I.E.L.D)의 국장 닉 퓨리(사무엘 L.잭슨)는 [어벤져스] 작전을 위해 전 세계에 흩어져 있던 슈퍼히어로들을 찾아나선다. 아이언맨(로버트 다우니 주니어)부터 토르(크리스 헴스워스), 헐크(마크 러팔로), 캡틴 아메리카(크리스 에반스)는 물론, 쉴드의 요원인 블랙 위도우(스칼렛 요한슨), 호크 아이(제레미 레너)까지, 최고의 슈퍼히어로들이 [어벤져스]의 멤버로 모이게 되지만, 각기 개성이 강한 이들의 만남은 예상치 못한 방향으로 흘러가는데… \r\n\r\n 지구의 운명을 건 거대한 전쟁 앞에 [어벤져스] 작전은 성공할 수 있을까?\r\n",
       "prdtYear":"2012",
       "indieYn":null,
       "artmovieYn":null,
       "multmovieYn":null,
       "showTm":"142",
       "showTs":"0",
       "director":"조스 웨던",
       "prNm":null,
       "dtNm":"월트디즈니컴퍼니코리아 유한책임회사,한국소니픽쳐스릴리징브에나비스타영화㈜",
       "repNationCd":"미국",
       "movieType":"장편",
       "moviePrdtStat":"개봉",
       "genre":"액션,SF",
       "watchGradeNm":"12세이상관람가",
       "openDt":"20120426",
       "salesAmt":5686920,
       "audiCnt":927,
       "scrCnt":254,
       "showCnt":332,
       "rank":5,
       "rankInten":-2,
       "rankOldAndNew":"OLD",
       "rownum":5
    },
    {
       "startYearDate":"2020.04.27",
       "endYearDate":"2020.04.27",
       "startDate":"2020년 04월 27일(월)",
       "endDate":"2020년 04월 27일(월)",
       "movieCd":"20148493",
       "showDt":"20200427",
       "thumbUrl":"http://www.kobis.or.kr/common/mast/movie/2015/03/thumb_x289/thn_c26db862b6a1440bb84459b86b822727.jpg",
       "movieNm":"어벤져스: 에이지 오브 울트론",
       "movieNmEn":"The Avengers: Age of Ultron",
       "synop":"어벤져스는 끝났다! 희망은 없다!\r\n어벤져스를 위협하는 사상 최강의 적 ‘울트론’의 등장\r\n인류를 멸종시키려는 거대한 음모를 가진\r\n‘울트론’과 거대한 전쟁이 시작된다!\r\n",
       "prdtYear":"2014",
       "indieYn":null,
       "artmovieYn":null,
       "multmovieYn":null,
       "showTm":"141",
       "showTs":"6",
       "director":"조스 웨던",
       "prNm":null,
       "dtNm":"월트디즈니컴퍼니코리아 유한책임회사,월트디즈니컴퍼니코리아(주)",
       "repNationCd":"미국",
       "movieType":"장편",
       "moviePrdtStat":"개봉",
       "genre":"액션,어드벤처,판타지,SF",
       "watchGradeNm":"12세이상관람가",
       "openDt":"20150423",
       "salesAmt":5199680,
       "audiCnt":884,
       "scrCnt":270,
       "showCnt":340,
       "rank":6,
       "rankInten":0,
       "rankOldAndNew":"OLD",
       "rownum":6
    },
    {
       "startYearDate":"2020.04.27",
       "endYearDate":"2020.04.27",
       "startDate":"2020년 04월 27일(월)",
       "endDate":"2020년 04월 27일(월)",
       "movieCd":"20206190",
       "showDt":"20200427",
       "thumbUrl":"http://www.kobis.or.kr/common/mast/movie/2020/03/thumb_x289/thn_6f622072894e4290b6fd0fb5b27d6022.jpg",
       "movieNm":"서치 아웃",
       "movieNmEn":"Search Out",
       "synop":"당신의 삶은 어떤 의미인가요?”\r\nSNS 메시지가 도착한 후, 죽음이 시작되었다!\r\n\r\n경찰 준비생 ‘성민’(이시언)과 취준생 ‘준혁’(김성철)은\r\n같은 고시원에 살던 소녀의 자살 사건에 의혹을 품게 되고,\r\n흥신소 해커 ‘누리’(허가윤)와 SNS 계정을 추적하게 된다. \r\n\r\n의협심에 시작한 수사가 걷잡을 수 없는 결과를 초래하고,\r\n‘준혁’, ‘성민’, ‘누리’ 세 사람도 SNS 범죄의 표적이 되고 마는데…!\r\n",
       "prdtYear":"2019",
       "indieYn":"Y",
       "artmovieYn":"Y",
       "multmovieYn":null,
       "showTm":"92",
       "showTs":"20",
       "director":"곽정",
       "prNm":"(주)디엔와이",
       "dtNm":"(주)스톰픽쳐스코리아,(주)삼백상회",
       "repNationCd":"한국",
       "movieType":"장편",
       "moviePrdtStat":"개봉",
       "genre":"스릴러",
       "watchGradeNm":"15세이상관람가",
       "openDt":"20200415",
       "salesAmt":6664040,
       "audiCnt":831,
       "scrCnt":191,
       "showCnt":293,
       "rank":7,
       "rankInten":0,
       "rankOldAndNew":"OLD",
       "rownum":7
    },
    {
       "startYearDate":"2020.04.27",
       "endYearDate":"2020.04.27",
       "startDate":"2020년 04월 27일(월)",
       "endDate":"2020년 04월 27일(월)",
       "movieCd":"19888010",
       "showDt":"20200427",
       "thumbUrl":"http://www.kobis.or.kr/common/mast/movie/2013/12/thumb_x289/thn_24835de84d454315a033fe29e74fb2d0.jpg",
       "movieNm":"시네마 천국",
       "movieNmEn":"Cinema Paradiso",
       "synop":"로마에서 영화 감독으로 활약 중인 중년의 토토(Salvatore: 재끄스 페린 분)는 어느 날 어머니(Maria: 푸펠리아 마지오 분)로부터 고향 마을의 영사 기사 알프레도(Alfredo: 필립 느와렛 분)의 사망 소식을 전해 듣는다. 어느덧 그는 추억이 가득한 그 시절로 돌아가는데.\r\n2차대전 직후인 이탈리아 시칠리아 섬의 작은 마을. 이 마을에는 휴식 공간인 광장이 있고 그 광장에는 '시네마 파라디소'라는 낡은 영화관이 있다. 이야기는 이 영화관의 영사실을 중심으로 전개된다. 이 마을 소년 토토(Salvatore: 살바토르 카스치오 분)는 학교 수업이 끝나면, 곧장 성당으로 달려가 신부님의 일을 돕는다. 토토가 이 일을 좋아하지 않으면서 하는 이유가 있다. 바로 영화를 볼 수 있기 때문이다. 이 시절의 이 마을 영화관에서 상영하는 영화는 모두 신부가 검열을 하게 되는데 웬만한 키스씬은 모두 삭제가 된다. 토토의 어머니(Maria: 안토넬라 아티리 분)는 전쟁으로 남편을 잃은 슬픔과 가난에의 생활고로 인해서, 그런 토토를 항상 꾸짓는다. 알프레도는 영사기사를 천직으로 알고 있지만, 어린 토토가 영사실에서 어깨 너머로 영사기술을 배우는 것을 싫어한다. 부활절도, 크리스마스도, 휴일도 없는 영사실에 갇혀서 영화만을 대하는, 영사기사 생활의 고독과 허상을 누구보다도 알프레도는 잘 알고 있기 때문이다. 영사기를 자유자제로 조작하는 기사가 마술사 같이 보여서 동경의 눈초리를 쏟는 소년, 그 마음을 아플 정도로 환히 꿰뚫어 보고 있지만 그리 발전할 수 있는 직업이 아닌 것에, 가연성의 필름이 언제 불이 붙을 지 몰라서 엄하게 소년의 출입을 금하는 기사, 키스신을 검열하는 사제, 문제의 씬이 나오면 방울을 흔드는 목가적 풍경, 다른 영화관과 동시 상영을 하기 위해 자전거를 타고 필름을 수송하는 장면, 같은 영화를 몇번이나 보고 나서도 감동한 나머지 스크린보다 먼저 대사를 외우며 빠져드는 장면 등은 고향의 옛날 영화관 모습을 있는 그대로 속속들이 기억하고 잇는 감독의 어린 시절을 다시 한번 보여주고 있는 듯하다. 특히, 이 영화는 주인공 토토와 장님이 되는 영화기사 알프레도 사이에 있는 그 무엇과도 바꿀 수 없는 마음의 정을 잘 나타내주고 있다. 전쟁에서 죽은 아버지를 대신하여 토토에게 마음의 지주가 되어주고, 그에게 자신의 직업을 전수해 주며, 사랑의 상담 상대도 되어주고, 나중에는 인생의 진로도 바로 잡아주는 엄하고 정다운 알프레도를 감동 깊게 부각시키고 있다. 청년이 된 살바토레(Salvatore: 마르코 레오나르디 분)은 마을 소녀 엘레나(Elena: 아그네스 나노 분)와 사랑에 빠지기도 한다. 그런 그에게 말한다. \"이 마을엔 너를 위해 마련된 게 아무것도 없으니 마을을 떠나서 다시는 돌아오지 말라\"\r\n\r\n\r\n고인이 된 늙은 기사의 장례식에 세계적 영화감독이 되어 마을로 돌아온 그는 자기에게 넘겨진 유물을 통해 마침내 영화에 미쳐 살아온 자신의 꿈이 그와 더불어 실현된 것을 깨닫게 된다. 그리고 이제는 늙어버린 엘레나(Elena: 브리짓 포세이 분)와도 재회하여, 그동안 보냈던 수 많은 편지들이 서로에게 전달되지 못한 안타까움의 눈물을 흘린다. 그 시네마 천국 극장도 철거되고 이제 세계적 영화감독이 된 중년의 토토는 알베르토가 죽으면서 선사한 한개의 필림통을 받고 돌아온다. 초현대식 극장에서 토토는 홀로 알베르토가 남겨준 필림을 감상한다. 어린시절 영사실 창너머로 훔쳐보던 신부에 의해 수 많은 캇트된 영화의 키스 장면들. 세계적 영화감독이 된 지금의 토토는 그 필림들을 보면서 그때의 시절에 감격을 억누르지 못한다.\r\n\r\n",
       "prdtYear":"1988",
       "indieYn":null,
       "artmovieYn":null,
       "multmovieYn":"Y",
       "showTm":"124",
       "showTs":"0",
       "director":"쥬세페 토르나토레",
       "prNm":null,
       "dtNm":"주식회사 왓챠,(주)팝엔터테인먼트",
       "repNationCd":"프랑스",
       "movieType":"장편",
       "moviePrdtStat":"개봉",
       "genre":"드라마,멜로/로맨스",
       "watchGradeNm":"전체관람가",
       "openDt":"19900707",
       "salesAmt":3486500,
       "audiCnt":681,
       "scrCnt":86,
       "showCnt":135,
       "rank":8,
       "rankInten":0,
       "rankOldAndNew":"OLD",
       "rownum":8
    },
    {
       "startYearDate":"2020.04.27",
       "endYearDate":"2020.04.27",
       "startDate":"2020년 04월 27일(월)",
       "endDate":"2020년 04월 27일(월)",
       "movieCd":"20196716",
       "showDt":"20200427",
       "thumbUrl":"http://www.kobis.or.kr/common/mast/movie/2020/04/thumb_x289/thn_19cd8fe2fdf54d54b11b203713e05ff8.jpg",
       "movieNm":"유령선",
       "movieNmEn":"Ghost Ship",
       "synop":"2014년 4월 16일 중국 도심에 떠있는 유령선\r\n'세월호' 진실을 감추기 위한 천 개의 거짓말\r\n\r\n2014년 4월 16일 아침, 세월호가 침몰했고 304명이 희생됐다. 검찰은 ‘선원의 운전 미숙으로 발생한 단순 사고’라고 발표했다. 2018년 4월, 세월호의 침몰 원인을 다룬 다큐멘터리 <그날, 바다>는 선박이 자동으로 송신하는 항해 데이터인 세월호 AIS 데이터가 조작됐다는 증거들을 제시했고 전문가들도 반박하지 못했다. 그러나 메이저 언론들은 믿을 수 없다는 듯이 침묵으로 일관했다. 2018년 12월, 다큐팀이 4년 전 국회에 제출된 데이터에서 정부 서버에는 존재할 수 없는 스웨덴 선박 데이터들을 발견한다. 다큐팀은 스웨덴 선박을 추적했고 데이터에 담긴 선박의 위치 정보는 중국 선전시 한복판으로 나왔다. 스웨덴 선박은 역시 유령선이었다. 그리고 참사 당일 사고해역을 운항한 선박 1천 척의 데이터가 조작됐다. 누가 세월호 AIS 데이터 조작을 지시했는가? 기획자는 당시 한국 정부와 관련돼 있는가? 그리고 그들은 데이터 조작을 통해 무엇을 감추려고 했는가?\r\n\r\n",
       "prdtYear":"2019",
       "indieYn":"Y",
       "artmovieYn":null,
       "multmovieYn":"Y",
       "showTm":"48",
       "showTs":"49",
       "director":"김지영",
       "prNm":null,
       "dtNm":"(주)엣나인필름",
       "repNationCd":"한국",
       "movieType":"장편",
       "moviePrdtStat":"개봉",
       "genre":"다큐멘터리",
       "watchGradeNm":"12세이상관람가",
       "openDt":"20200415",
       "salesAmt":5562700,
       "audiCnt":681,
       "scrCnt":128,
       "showCnt":180,
       "rank":9,
       "rankInten":-4,
       "rankOldAndNew":"OLD",
       "rownum":9
    },
    {
       "startYearDate":"2020.04.27",
       "endYearDate":"2020.04.27",
       "startDate":"2020년 04월 27일(월)",
       "endDate":"2020년 04월 27일(월)",
       "movieCd":"20204741",
       "showDt":"20200427",
       "thumbUrl":"http://www.kobis.or.kr/common/mast/movie/2020/03/thumb_x289/thn_01138167ebf349968437256561ce775b.jpg",
       "movieNm":"비밀정보원: 인 더 프리즌 ",
       "movieNmEn":"The Informer",
       "synop":"각자 조직을 위해서만 움직이는 FBI, 경찰, 마약 카르텔\r\n권력자들의 전쟁 속에서 반드시 살아남아 가족을 지켜야 하는 비밀정보원! \r\n\r\n세력을 확장하고 감옥에서 마약 독점을 꿈꾸는 마약 카르텔, 수 년간 마약 카르텔을 일망타진하기 위해 비밀작전을 벌여 온 FBI, 마약 잠입 수사 중 발생한 동료의 죽음을 쫓는 경찰.\r\n자신의 이익과 목적을 위해 수단과 방법을 가리지 않는 세 조직 속, FBI의 비밀정보원 ‘코슬로’는 이들에게서 가족을 지키기 위해 매 순간 적과 아군을 선택해야 한다!\r\n\r\n",
       "prdtYear":"2019",
       "indieYn":null,
       "artmovieYn":null,
       "multmovieYn":null,
       "showTm":"113",
       "showTs":"39",
       "director":"안드레아 디 스테파노",
       "prNm":null,
       "dtNm":"(주)제이앤씨미디어그룹",
       "repNationCd":"영국",
       "movieType":"장편",
       "moviePrdtStat":"개봉",
       "genre":"범죄,스릴러",
       "watchGradeNm":"청소년관람불가",
       "openDt":"20200415",
       "salesAmt":3932780,
       "audiCnt":505,
       "scrCnt":99,
       "showCnt":146,
       "rank":10,
       "rankInten":-1,
       "rankOldAndNew":"OLD",
       "rownum":10
    }
 ]